[{"_entityName":"sec$Group","id":"9f18a33a-74aa-61e0-cd9e-ae0341eed61f","version":3,"constraints":[{"_entityName":"sec$Constraint","id":"57ea017e-3366-072b-0c41-93855e06051b","checkType":"DATABASE","whereClause":"{E}.id in (\n    select s.commercialNetwork.id\n    from intership_Shop s\n    join s.employees e\n    where e.user.id \u003d :session$userId\n)","isActive":true,"version":2,"entityName":"intership_CommercialNetwork","operationType":"ALL","group":{"_entityName":"sec$Group","id":"9f18a33a-74aa-61e0-cd9e-ae0341eed61f"}},{"_entityName":"sec$Constraint","id":"da928905-ae8c-7a0f-1e60-4fdd78b8e07c","checkType":"DATABASE","whereClause":"s.user.id \u003d :session$userId","joinClause":"join {E}.shop.employees s","isActive":true,"version":2,"entityName":"intership_PriceHistory","operationType":"ALL","group":{"_entityName":"sec$Group","id":"9f18a33a-74aa-61e0-cd9e-ae0341eed61f"}},{"_entityName":"sec$Constraint","id":"b0c88158-25f2-40ac-c6c4-4a845155b82d","checkType":"DATABASE","whereClause":"k.user.id \u003d :session$userId","joinClause":"join {E}.shop.employees k","isActive":true,"version":3,"entityName":"intership_Purchase","operationType":"ALL","group":{"_entityName":"sec$Group","id":"9f18a33a-74aa-61e0-cd9e-ae0341eed61f"}},{"_entityName":"sec$Constraint","id":"70e2c9c4-afb5-abba-d6f0-db49464c40e2","checkType":"DATABASE","whereClause":"q.user.id \u003d :session$userId","joinClause":"join {E}.employees q","isActive":true,"version":4,"entityName":"intership_Shop","operationType":"ALL","group":{"_entityName":"sec$Group","id":"9f18a33a-74aa-61e0-cd9e-ae0341eed61f"}},{"_entityName":"sec$Constraint","id":"ec04b77f-71f2-7bf0-ff04-678a0665d21d","checkType":"DATABASE","whereClause":"s.user.id \u003d :session$userId","joinClause":"join {E}.shop.employees s","isActive":true,"version":2,"entityName":"intership_ProductInStore","operationType":"ALL","group":{"_entityName":"sec$Group","id":"9f18a33a-74aa-61e0-cd9e-ae0341eed61f"}}],"name":"Магазин","sessionAttributes":[]}]